Computer,Computer,Laptop,Productivity,Technology,
Cup,Cup,Water,Container,Drink,
Calendar,Calendar,Time,Schedule,Meetings,
Plant,Plant,Succulent,Leaves,,
Lamp,Lamp,Light,,,
Notebook,Notebook,Notes,Productivity,Writing,
Phone,Phone,Mobile,Technology,,
Bed,Bed,Rest,Leisure,,
Keyboard,Keyboard,Keys,Input,,
PencilCase,Pencils,Pens,Stationaries,,
Headphones,Headphones,Music,Sound,,
Mouse,Mouse,Input,Click,,
Scissors,Scissors,Cut,Stationaries,,
Book,Book,Reference,Knowledge,Read,Text
Stapler,Stapler,Stationaries,Paper,,
Package,Package,Box,Cardboard,,
VRHeadset,Virtual,Headset,Device,,